{
  "custom": {},
  "params": {},
  "props": {
    "defaultSize": {
      "height": 512,
      "width": 489
    }
  },
  "root": {
    "children": [
      {
        "meta": {
          "name": "EmbeddedView"
        },
        "position": {
          "basis": "57px"
        },
        "props": {
          "path": "Page/Embedded/Title"
        },
        "type": "ia.display.view"
      },
      {
        "meta": {
          "name": "Label"
        },
        "position": {
          "basis": "32px"
        },
        "props": {
          "text": "Robot Commands",
          "textStyle": {
            "fontSize": 20,
            "fontWeight": "bold",
            "textAlign": "center"
          }
        },
        "type": "ia.display.label"
      },
      {
        "meta": {
          "name": "spacer"
        },
        "position": {
          "basis": "13px"
        },
        "type": "ia.display.label"
      },
      {
        "children": [
          {
            "children": [
              {
                "meta": {
                  "name": "spacer"
                },
                "position": {
                  "basis": "17px"
                },
                "type": "ia.display.label"
              },
              {
                "meta": {
                  "name": "start"
                },
                "position": {
                  "basis": "140px"
                },
                "propConfig": {
                  "props.value": {
                    "binding": {
                      "config": {
                        "bidirectional": true,
                        "fallbackDelay": 2.5,
                        "mode": "direct",
                        "tagPath": "[default]LD-Robot_HMI/HMI_Start"
                      },
                      "type": "tag"
                    }
                  }
                },
                "props": {
                  "readyState": {
                    "icon": {
                      "style": {
                        "height": "24px",
                        "width": "2rem"
                      }
                    },
                    "style": {
                      "fontSize": 20
                    },
                    "text": "Start"
                  },
                  "setValue": true,
                  "style": {
                    "backgroundColor": "#75DA65"
                  },
                  "writingState": {
                    "icon": {
                      "path": "material/hourglass_empty",
                      "style": {
                        "height": "24px",
                        "width": "2rem"
                      }
                    },
                    "text": ""
                  }
                },
                "type": "ia.input.oneshotbutton"
              }
            ],
            "meta": {
              "name": "startFlex"
            },
            "position": {
              "basis": "174px"
            },
            "type": "ia.container.flex"
          },
          {
            "children": [
              {
                "meta": {
                  "name": "stopButton"
                },
                "position": {
                  "basis": "140px"
                },
                "propConfig": {
                  "props.value": {
                    "binding": {
                      "config": {
                        "bidirectional": true,
                        "fallbackDelay": 2.5,
                        "mode": "direct",
                        "tagPath": "[default]LD-Robot_HMI/HMI_Stop"
                      },
                      "type": "tag"
                    }
                  }
                },
                "props": {
                  "readyState": {
                    "icon": {
                      "style": {
                        "height": "24px",
                        "width": "2rem"
                      }
                    },
                    "style": {
                      "fontSize": 20
                    },
                    "text": "Stop\n"
                  },
                  "setValue": true,
                  "style": {
                    "backgroundColor": "#F21A00"
                  },
                  "writingState": {
                    "icon": {
                      "path": "material/hourglass_empty",
                      "style": {
                        "height": "24px",
                        "width": "2rem"
                      }
                    },
                    "text": "Writing..."
                  }
                },
                "type": "ia.input.oneshotbutton"
              }
            ],
            "meta": {
              "name": "stopFlex"
            },
            "position": {
              "basis": "158px"
            },
            "type": "ia.container.flex"
          },
          {
            "children": [
              {
                "meta": {
                  "name": "OneShotButton"
                },
                "position": {
                  "basis": "140px"
                },
                "propConfig": {
                  "props.value": {
                    "binding": {
                      "config": {
                        "bidirectional": true,
                        "fallbackDelay": 2.5,
                        "mode": "direct",
                        "tagPath": "[default]LD-Robot_HMI/HMI_Reset"
                      },
                      "type": "tag"
                    }
                  }
                },
                "props": {
                  "readyState": {
                    "icon": {
                      "style": {
                        "height": "24px",
                        "width": "2rem"
                      }
                    },
                    "style": {
                      "fontSize": 20
                    },
                    "text": "Reset\n"
                  },
                  "setValue": true,
                  "style": {
                    "backgroundColor": "#FFC105"
                  },
                  "writingState": {
                    "icon": {
                      "path": "material/hourglass_empty",
                      "style": {
                        "height": "24px",
                        "width": "2rem"
                      }
                    },
                    "text": "Writing..."
                  }
                },
                "type": "ia.input.oneshotbutton"
              }
            ],
            "meta": {
              "name": "resetFlex"
            },
            "position": {
              "basis": "156px"
            },
            "type": "ia.container.flex"
          }
        ],
        "meta": {
          "name": "buttonFlex"
        },
        "position": {
          "basis": "60px",
          "shrink": 0
        },
        "props": {
          "justify": "center"
        },
        "type": "ia.container.flex"
      },
      {
        "meta": {
          "name": "spacer1"
        },
        "position": {
          "basis": "12px"
        },
        "type": "ia.display.label"
      },
      {
        "children": [
          {
            "children": [
              {
                "children": [
                  {
                    "meta": {
                      "name": "Label"
                    },
                    "position": {
                      "basis": "32px"
                    },
                    "props": {
                      "text": "ROBOT \u0026 PLC STATUS",
                      "textStyle": {
                        "fontSize": 20,
                        "fontWeight": "bold",
                        "textAlign": "center"
                      }
                    },
                    "type": "ia.display.label"
                  },
                  {
                    "meta": {
                      "name": "Label_0"
                    },
                    "position": {
                      "basis": "19px"
                    },
                    "type": "ia.display.label"
                  },
                  {
                    "meta": {
                      "name": "EmbeddedView"
                    },
                    "position": {
                      "basis": "33px"
                    },
                    "props": {
                      "path": "Page/Embedded/positions"
                    },
                    "type": "ia.display.view"
                  },
                  {
                    "meta": {
                      "name": "EmbeddedView_0"
                    },
                    "position": {
                      "basis": "148px"
                    },
                    "props": {
                      "path": "Page/Embedded/robotMode"
                    },
                    "type": "ia.display.view"
                  },
                  {
                    "meta": {
                      "name": "EmbeddedView_1"
                    },
                    "position": {
                      "basis": "65.3px"
                    },
                    "props": {
                      "path": "Page/Embedded/eStop"
                    },
                    "type": "ia.display.view"
                  }
                ],
                "meta": {
                  "name": "FlexContainer"
                },
                "position": {
                  "basis": "295px"
                },
                "props": {
                  "alignContent": "center",
                  "direction": "column",
                  "style": {
                    "overflow": "hidden"
                  }
                },
                "type": "ia.container.flex"
              }
            ],
            "meta": {
              "name": "FlexContainer"
            },
            "position": {
              "basis": "489px"
            },
            "props": {
              "alignContent": "center",
              "direction": "column"
            },
            "type": "ia.container.flex"
          }
        ],
        "meta": {
          "name": "FlexContainer"
        },
        "position": {
          "basis": "344px",
          "grow": 1,
          "shrink": 0
        },
        "props": {
          "alignContent": "center"
        },
        "type": "ia.container.flex"
      }
    ],
    "meta": {
      "name": "root"
    },
    "props": {
      "direction": "column",
      "justify": "space-evenly"
    },
    "type": "ia.container.flex"
  }
}