{
  "custom": {},
  "params": {},
  "props": {
    "defaultSize": {
      "height": 49,
      "width": 439
    }
  },
  "root": {
    "children": [
      {
        "children": [
          {
            "meta": {
              "name": "Icon"
            },
            "position": {
              "basis": "44px"
            },
            "propConfig": {
              "props.color": {
                "binding": {
                  "config": {
                    "expression": "if({[default]LD-Robot_HMI/LDRobot_EStop}, \"#FF0000\", \"#00C853\")\r\n"
                  },
                  "type": "expr"
                }
              }
            },
            "props": {
              "path": "material/brightness_1"
            },
            "type": "ia.display.icon"
          },
          {
            "meta": {
              "name": "Label"
            },
            "position": {
              "basis": "354px"
            },
            "propConfig": {
              "props.text": {
                "binding": {
                  "config": {
                    "expression": "if({[default]LD-Robot_HMI/LDRobot_EStop}, \"Emergency Stop Pressed\", \"Emergency Stop OFF\")"
                  },
                  "type": "expr"
                }
              }
            },
            "props": {
              "textStyle": {
                "fontSize": 24,
                "fontWeight": "bold",
                "textAlign": "center"
              }
            },
            "type": "ia.display.label"
          }
        ],
        "meta": {
          "name": "FlexContainer"
        },
        "position": {
          "basis": "48px"
        },
        "type": "ia.container.flex"
      }
    ],
    "meta": {
      "name": "root"
    },
    "props": {
      "direction": "column"
    },
    "type": "ia.container.flex"
  }
}