{
  "custom": {},
  "params": {},
  "props": {
    "defaultSize": {
      "height": 145,
      "width": 219
    }
  },
  "root": {
    "children": [
      {
        "children": [
          {
            "meta": {
              "name": "Icon"
            },
            "position": {
              "basis": "21px"
            },
            "propConfig": {
              "props.color": {
                "binding": {
                  "config": {
                    "expression": "if({[default]LD-Robot_HMI/LDRobot_T1}, \"#00C853\", \"#FF0000\")\r\n"
                  },
                  "type": "expr"
                }
              }
            },
            "props": {
              "path": "material/brightness_1"
            },
            "type": "ia.display.icon"
          },
          {
            "meta": {
              "name": "Label"
            },
            "position": {
              "basis": "192px"
            },
            "props": {
              "text": "Teach Mode 1",
              "textStyle": {
                "fontWeight": "normal",
                "textAlign": "center"
              }
            },
            "type": "ia.display.label"
          }
        ],
        "meta": {
          "name": "FlexContainer"
        },
        "position": {
          "basis": "48px"
        },
        "type": "ia.container.flex"
      },
      {
        "children": [
          {
            "meta": {
              "name": "Icon"
            },
            "position": {
              "basis": "21px"
            },
            "propConfig": {
              "props.color": {
                "binding": {
                  "config": {
                    "expression": "if({[default]LD-Robot_HMI/LDRobot_T2}, \"#00C853\", \"#FF0000\")"
                  },
                  "type": "expr"
                }
              }
            },
            "props": {
              "path": "material/brightness_1"
            },
            "type": "ia.display.icon"
          },
          {
            "meta": {
              "name": "Label"
            },
            "position": {
              "basis": "192px"
            },
            "props": {
              "text": "Teach Mode 2",
              "textStyle": {
                "fontWeight": "normal",
                "textAlign": "center"
              }
            },
            "type": "ia.display.label"
          }
        ],
        "meta": {
          "name": "FlexContainer_0"
        },
        "position": {
          "basis": "48px"
        },
        "type": "ia.container.flex"
      },
      {
        "children": [
          {
            "meta": {
              "name": "Icon"
            },
            "position": {
              "basis": "21px"
            },
            "propConfig": {
              "props.color": {
                "binding": {
                  "config": {
                    "expression": "if({[default]LD-Robot_HMI/LDRobot_Auto}, \"#00C853\", \"#FF0000\")"
                  },
                  "type": "expr"
                }
              }
            },
            "props": {
              "path": "material/brightness_1"
            },
            "type": "ia.display.icon"
          },
          {
            "meta": {
              "name": "Label"
            },
            "position": {
              "basis": "192px"
            },
            "props": {
              "text": "Auto Mode",
              "textStyle": {
                "fontWeight": "normal",
                "textAlign": "center"
              }
            },
            "type": "ia.display.label"
          }
        ],
        "meta": {
          "name": "FlexContainer_1"
        },
        "position": {
          "basis": "48px"
        },
        "type": "ia.container.flex"
      }
    ],
    "meta": {
      "name": "root"
    },
    "props": {
      "direction": "column"
    },
    "type": "ia.container.flex"
  }
}