{
  "custom": {},
  "params": {},
  "props": {
    "defaultSize": {
      "height": 42,
      "width": 219
    }
  },
  "root": {
    "children": [
      {
        "children": [
          {
            "meta": {
              "name": "Icon"
            },
            "position": {
              "basis": "21px"
            },
            "propConfig": {
              "props.color": {
                "binding": {
                  "config": {
                    "expression": "if({[default]LD-Robot_HMI/LDRobot_AtHomePos}, \"#00C853\", \r\nif({[default]LD-Robot_HMI/LDRobot_AtPos1}, \"#00C853\",\r\nif({[default]LD-Robot_HMI/LDRobot_AtPos2}, \"#00C853\",\r\nif({[default]LD-Robot_HMI/LDRobot_AtFullView}, \"#00C853\", \"#FF0000\"))))"
                  },
                  "type": "expr"
                }
              }
            },
            "props": {
              "path": "material/brightness_1"
            },
            "type": "ia.display.icon"
          },
          {
            "meta": {
              "name": "Label"
            },
            "position": {
              "basis": "192px"
            },
            "propConfig": {
              "props.text": {
                "binding": {
                  "config": {
                    "expression": "if({[default]LD-Robot_HMI/LDRobot_AtHomePos}, \"Home Position\", \r\nif({[default]LD-Robot_HMI/LDRobot_AtPos1}, \"1st Position\",\r\nif({[default]LD-Robot_HMI/LDRobot_AtPos2}, \"2nd Position\",\r\nif({[default]LD-Robot_HMI/LDRobot_AtFullView}, \"Full View Position\", \"Awaiting Robot Input\"))))"
                  },
                  "type": "expr"
                }
              }
            },
            "props": {
              "textStyle": {
                "fontWeight": "bold",
                "textAlign": "center"
              }
            },
            "type": "ia.display.label"
          }
        ],
        "meta": {
          "name": "FlexContainer"
        },
        "position": {
          "basis": "200px"
        },
        "type": "ia.container.flex"
      }
    ],
    "meta": {
      "name": "root"
    },
    "props": {
      "direction": "column"
    },
    "type": "ia.container.flex"
  }
}