{
  "custom": {},
  "params": {
    "icon": "home",
    "text": "Home"
  },
  "propConfig": {
    "params.icon": {
      "paramDirection": "input",
      "persistent": true
    },
    "params.text": {
      "paramDirection": "input",
      "persistent": true
    }
  },
  "props": {
    "defaultSize": {
      "height": 56,
      "width": 600
    }
  },
  "root": {
    "children": [
      {
        "meta": {
          "name": "Icon"
        },
        "position": {
          "basis": "24px",
          "shrink": 0
        },
        "propConfig": {
          "props.path": {
            "binding": {
              "config": {
                "expression": "\"material/\" + {view.params.icon}"
              },
              "type": "expr"
            },
            "persistent": false
          }
        },
        "props": {
          "style": {
            "classes": "Title/Icon",
            "marginLeft": "10px"
          }
        },
        "type": "ia.display.icon"
      },
      {
        "meta": {
          "hasDelegate": true,
          "name": "Label"
        },
        "position": {
          "grow": 1
        },
        "propConfig": {
          "props.text": {
            "binding": {
              "config": {
                "path": "view.params.text"
              },
              "type": "property"
            },
            "persistent": false
          }
        },
        "props": {
          "style": {
            "classes": "Title/Text"
          },
          "textStyle": {
            "fontSize": 20,
            "fontWeight": "bold"
          }
        },
        "type": "ia.display.label"
      },
      {
        "children": [
          {
            "meta": {
              "name": "Icon"
            },
            "position": {
              "basis": "30px"
            },
            "propConfig": {
              "props.color": {
                "binding": {
                  "config": {
                    "expression": "if({[default]LD-Robot_HMI/LDRobot_ProgRunning}, \"#0000FF\",\r\nif({[default]LD-Robot_HMI/LDRobot_SysReady}, \"#00C853\",\r\nif({[default]LD-Robot_HMI/HMI_Stop}, \"#FF0000\",\r\nif({[default]LD-Robot_HMI/LDRobot_FaultReset}, \"FF9100\",\r\n\r\n\"#BDBDBD\"))))"
                  },
                  "type": "expr"
                }
              }
            },
            "props": {
              "path": "material/lens"
            },
            "type": "ia.display.icon"
          },
          {
            "meta": {
              "name": "Label"
            },
            "position": {
              "basis": "170px"
            },
            "propConfig": {
              "props.text": {
                "binding": {
                  "config": {
                    "expression": "if({[default]LD-Robot_HMI/HMI_Start}, \"Robot Starting\", \r\nif({[default]LD-Robot_HMI/HMI_Stop}, \"Robot Stopped\",\r\nif({[default]LD-Robot_HMI/LDRobot_FaultReset}, \"Fault Detected\", \r\nif({[default]LD-Robot_HMI/LDRobot_ProgRunning}, \"Testing\",\r\nif({[default]LD-Robot_HMI/LDRobot_SysReady}, \"Robot Ready\",\r\n\"Robot Idle\")))))"
                  },
                  "type": "expr"
                }
              }
            },
            "props": {
              "textStyle": {
                "fontFamily": "Noto Sans",
                "fontSize": 20,
                "fontWeight": "bold"
              }
            },
            "type": "ia.display.label"
          }
        ],
        "meta": {
          "name": "FlexContainer"
        },
        "position": {
          "basis": "200px"
        },
        "type": "ia.container.flex"
      }
    ],
    "meta": {
      "name": "root"
    },
    "props": {
      "style": {
        "classes": "Title/Title"
      }
    },
    "type": "ia.container.flex"
  }
}